<keymap version="1" name="macOS copy" parent="Mac OS X 10.5+">
  <action id="ActivateFavoritesToolWindow" />
  <action id="ActivateStructureToolWindow">
    <keyboard-shortcut first-keystroke="meta 7" />
    <keyboard-shortcut first-keystroke="shift ctrl meta alt s" />
  </action>
  <action id="ActivateTerminalToolWindow">
    <keyboard-shortcut first-keystroke="alt f12" />
    <keyboard-shortcut first-keystroke="meta 2" />
  </action>
  <action id="FileMenu">
    <keyboard-shortcut first-keystroke="shift ctrl meta alt 0" />
  </action>
  <action id="NewClass">
    <keyboard-shortcut first-keystroke="shift ctrl meta alt j" />
  </action>
  <action id="NewDir">
    <keyboard-shortcut first-keystroke="shift ctrl meta alt p" />
  </action>
  <action id="NewFile">
    <keyboard-shortcut first-keystroke="shift ctrl meta alt f" />
  </action>
  <action id="ViewMenu">
    <keyboard-shortcut first-keystroke="shift ctrl meta alt 9" />
  </action>
</keymap>