<keymap version="1" name="MeiBook Idea" parent="Mac OS X 10.5+">
  <action id="ActivateFavoritesToolWindow" />
  <action id="ActivateStructureToolWindow">
    <keyboard-shortcut first-keystroke="meta 7" />
    <keyboard-shortcut first-keystroke="shift ctrl meta alt s" />
  </action>
  <action id="ActivateTerminalToolWindow">
    <keyboard-shortcut first-keystroke="alt f12" />
    <keyboard-shortcut first-keystroke="meta 2" />
  </action>
  <action id="Annotate">
    <keyboard-shortcut first-keystroke="shift ctrl meta alt g" />
  </action>
  <action id="CommentByBlockComment">
    <keyboard-shortcut first-keystroke="meta alt slash" />
  </action>
  <action id="CommentByLineComment">
    <keyboard-shortcut first-keystroke="meta slash" />
  </action>
  <action id="Console.TableResult.SetNull" />
  <action id="EditorToggleShowLineNumbers">
    <keyboard-shortcut first-keystroke="shift ctrl meta alt l" />
  </action>
  <action id="FileMenu">
    <keyboard-shortcut first-keystroke="shift ctrl meta alt 0" />
  </action>
  <action id="Inline" />
  <action id="NewClass">
    <keyboard-shortcut first-keystroke="shift ctrl meta alt j" />
  </action>
  <action id="NewDir">
    <keyboard-shortcut first-keystroke="shift ctrl meta alt p" />
  </action>
  <action id="NewFile">
    <keyboard-shortcut first-keystroke="shift ctrl meta alt f" />
  </action>
  <action id="NewModule">
    <keyboard-shortcut first-keystroke="shift ctrl meta alt m" />
  </action>
  <action id="ShowProjectStructureSettings">
    <keyboard-shortcut first-keystroke="meta semicolon" />
    <keyboard-shortcut first-keystroke="meta alt comma" />
  </action>
  <action id="ShowUsages">
    <keyboard-shortcut first-keystroke="meta alt f7" />
    <keyboard-shortcut first-keystroke="shift ctrl meta alt u" />
  </action>
  <action id="ToggleZenMode">
    <keyboard-shortcut first-keystroke="shift ctrl meta alt z" />
  </action>
  <action id="ViewMenu">
    <keyboard-shortcut first-keystroke="shift ctrl meta alt 9" />
  </action>
</keymap>