<keymap version="1" name="meicOS" parent="Mac OS X 10.5+">
  <action id="ActivateServicesToolWindow">
    <keyboard-shortcut first-keystroke="meta 8" />
    <keyboard-shortcut first-keystroke="alt quote" />
  </action>
  <action id="FileMenu">
    <keyboard-shortcut first-keystroke="shift ctrl meta alt 0" />
  </action>
  <action id="NewSqlFile">
    <keyboard-shortcut first-keystroke="shift ctrl meta alt s" />
  </action>
  <action id="ViewMenu">
    <keyboard-shortcut first-keystroke="shift ctrl meta alt 9" />
  </action>
</keymap>