<keymap version="1" name="MeiDataGrip" parent="Mac OS X 10.5+">
  <action id="ActivateDatabaseToolWindow">
    <keyboard-shortcut first-keystroke="meta 2" />
  </action>
  <action id="ActivateProjectToolWindow">
    <keyboard-shortcut first-keystroke="meta 1" />
  </action>
  <action id="ActivateServicesToolWindow">
    <keyboard-shortcut first-keystroke="alt quote" />
    <keyboard-shortcut first-keystroke="meta 3" />
  </action>
  <action id="DuplicatesForm.SendToLeft" />
  <action id="DuplicatesForm.SendToRight" />
  <action id="EditorToggleShowLineNumbers">
    <keyboard-shortcut first-keystroke="shift ctrl meta alt l" />
  </action>
  <action id="FileChooser.GotoHome" />
  <action id="FileChooser.GotoProject" />
  <action id="FileMenu">
    <keyboard-shortcut first-keystroke="shift ctrl meta alt 0" />
  </action>
  <action id="Jdbc.OpenConsole.New.Generate">
    <keyboard-shortcut first-keystroke="shift ctrl meta alt n" />
  </action>
  <action id="NewSqlFile">
    <keyboard-shortcut first-keystroke="shift ctrl meta alt s" />
  </action>
  <action id="ViewMenu">
    <keyboard-shortcut first-keystroke="shift ctrl meta alt 9" />
  </action>
</keymap>