<application>
  <component name="CodotaSettings">
    <option name="methodCompletionsPercentageSet" value="true" />
    <option name="id" value="773118f9-45b5-4c6a-a8ae-6484e7d29069" />
    <option name="wasRunBefore" value="true" />
    <option name="firstRun" value="1600912470726" />
    <option name="generation" value="124" />
    <option name="updateGeneration" value="1" />
    <option name="isInJSBeta" value="YES" />
    <option name="isMethodCompletionsPercentageActive" value="true" />
    <option name="isMethodCompletionsPercentageSet" value="true" />
    <option name="completeIndexingProjects">
      <map>
        <entry key="474bfccf" value="1" />
      </map>
    </option>
    <option name="usedLanguages">
      <set>
        <option value="java" />
      </set>
    </option>
  </component>
</application>