<application>
  <component name="UISettings">
    <option name="CLOSE_TAB_BUTTON_ON_THE_RIGHT" value="false" />
    <option name="EDITOR_TAB_LIMIT" value="100" />
    <option name="EDITOR_TAB_PLACEMENT" value="0" />
    <option name="HIDE_TOOL_STRIPES" value="true" />
    <option name="IDE_AA_TYPE" value="Greyscale" />
    <option name="OPEN_TABS_AT_THE_END" value="true" />
    <option name="SHOW_NAVIGATION_BAR" value="false" />
    <option name="SHOW_STATUS_BAR" value="false" />
  </component>
</application>