<keymap version="1" name="meiOS" parent="Mac OS X 10.5+">
  <action id="ActivateTerminalToolWindow">
    <keyboard-shortcut first-keystroke="alt f12" />
    <keyboard-shortcut first-keystroke="shift ctrl meta alt 2" />
  </action>
  <action id="CheckinFiles">
    <keyboard-shortcut first-keystroke="ctrl meta alt g" />
  </action>
  <action id="FileMenu">
    <keyboard-shortcut first-keystroke="shift ctrl meta alt 0" />
  </action>
  <action id="NewDir">
    <keyboard-shortcut first-keystroke="ctrl meta alt p" />
  </action>
  <action id="NewFile">
    <keyboard-shortcut first-keystroke="ctrl meta alt f" />
  </action>
  <action id="ViewMenu">
    <keyboard-shortcut first-keystroke="shift ctrl meta alt 9" />
  </action>
</keymap>